[
{
  "model": "myapp.category",
  "pk": 1,
  "fields": {
    "name": "Furniture",
    "warehouse": "Windsor"
  }
},
{
  "model": "myapp.category",
  "pk": 2,
  "fields": {
    "name": "Appliances",
    "warehouse": "Windsor"
  }
},
{
  "model": "myapp.category",
  "pk": 3,
  "fields": {
    "name": "Electronics",
    "warehouse": "London"
  }
},
{
  "model": "myapp.category",
  "pk": 4,
  "fields": {
    "name": "Home Decor",
    "warehouse": "Waterloo"
  }
},
{
  "model": "myapp.category",
  "pk": 5,
  "fields": {
    "name": "Flooring",
    "warehouse": "London"
  }
},
{
  "model": "myapp.product",
  "pk": 1,
  "fields": {
    "category": 4,
    "name": "Clock",
    "price": "99.99",
    "stock": 50,
    "available": true,
    "intrested": 2,
    "description": ""
  }
},
{
  "model": "myapp.product",
  "pk": 2,
  "fields": {
    "category": 4,
    "name": "Vase",
    "price": "82.54",
    "stock": 100,
    "available": true,
    "intrested": 0,
    "description": ""
  }
},
{
  "model": "myapp.product",
  "pk": 3,
  "fields": {
    "category": 4,
    "name": "Painting",
    "price": "135.80",
    "stock": 80,
    "available": true,
    "intrested": 0,
    "description": ""
  }
},
{
  "model": "myapp.product",
  "pk": 4,
  "fields": {
    "category": 4,
    "name": "Lamp",
    "price": "59.99",
    "stock": 200,
    "available": true,
    "intrested": 0,
    "description": ""
  }
},
{
  "model": "myapp.product",
  "pk": 5,
  "fields": {
    "category": 3,
    "name": "Tablet",
    "price": "299.99",
    "stock": 0,
    "available": true,
    "intrested": 0,
    "description": ""
  }
},
{
  "model": "myapp.product",
  "pk": 6,
  "fields": {
    "category": 3,
    "name": "Laptop",
    "price": "975.50",
    "stock": 85,
    "available": true,
    "intrested": 0,
    "description": ""
  }
},
{
  "model": "myapp.product",
  "pk": 7,
  "fields": {
    "category": 3,
    "name": "TV",
    "price": "3500.00",
    "stock": 20,
    "available": true,
    "intrested": 0,
    "description": ""
  }
},
{
  "model": "myapp.product",
  "pk": 8,
  "fields": {
    "category": 1,
    "name": "Table",
    "price": "599.99",
    "stock": 120,
    "available": true,
    "intrested": 0,
    "description": ""
  }
},
{
  "model": "myapp.product",
  "pk": 9,
  "fields": {
    "category": 1,
    "name": "Dresser",
    "price": "360.85",
    "stock": 100,
    "available": true,
    "intrested": 0,
    "description": ""
  }
},
{
  "model": "myapp.product",
  "pk": 10,
  "fields": {
    "category": 1,
    "name": "Bed",
    "price": "1225.25",
    "stock": 0,
    "available": false,
    "intrested": 1,
    "description": ""
  }
},
{
  "model": "myapp.product",
  "pk": 11,
  "fields": {
    "category": 1,
    "name": "Sofa",
    "price": "1500.95",
    "stock": 172,
    "available": true,
    "intrested": 0,
    "description": ""
  }
},
{
  "model": "myapp.product",
  "pk": 12,
  "fields": {
    "category": 2,
    "name": "Dryer",
    "price": "774.80",
    "stock": 0,
    "available": false,
    "intrested": 0,
    "description": ""
  }
},
{
  "model": "myapp.product",
  "pk": 13,
  "fields": {
    "category": 2,
    "name": "Washer",
    "price": "885.75",
    "stock": 50,
    "available": false,
    "intrested": 0,
    "description": ""
  }
},
{
  "model": "myapp.product",
  "pk": 14,
  "fields": {
    "category": 2,
    "name": "Stove",
    "price": "950.50",
    "stock": 50,
    "available": false,
    "intrested": 0,
    "description": ""
  }
},
{
  "model": "myapp.client",
  "pk": 2,
  "fields": {
    "company": "",
    "shipping_address": "123 University Avenue",
    "city": "Windsor",
    "province": "ON",
    "groups": [],
    "user_permissions": [],
    "interested_in": [
      1,
      2,
      3,
      4
    ]
  }
},
{
  "model": "myapp.client",
  "pk": 4,
  "fields": {
    "company": "",
    "shipping_address": "456 Sunset Avenue",
    "city": "Windsor",
    "province": "ON",
    "groups": [],
    "user_permissions": [],
    "interested_in": [
      1,
      3
    ]
  }
},
{
  "model": "myapp.client",
  "pk": 5,
  "fields": {
    "company": "",
    "shipping_address": "789 King Street",
    "city": "Calgary",
    "province": "AB",
    "groups": [],
    "user_permissions": [],
    "interested_in": [
      2,
      3,
      4
    ]
  }
},
{
  "model": "myapp.client",
  "pk": 6,
  "fields": {
    "company": "",
    "shipping_address": "456 Sunset Avenue",
    "city": "Montreal",
    "province": "QC",
    "groups": [],
    "user_permissions": [],
    "interested_in": [
      1,
      4
    ]
  }
},
{
  "model": "myapp.client",
  "pk": 7,
  "fields": {
    "company": "",
    "shipping_address": "987 King Street",
    "city": "Edmononton",
    "province": "AB",
    "groups": [],
    "user_permissions": [],
    "interested_in": [
      3
    ]
  }
},
{
  "model": "myapp.client",
  "pk": 10,
  "fields": {
    "company": "RBC",
    "shipping_address": "Windsor",
    "city": "Windsor",
    "province": "ON",
    "groups": [],
    "user_permissions": [],
    "interested_in": [
      1,
      2,
      3
    ]
  }
},
{
  "model": "myapp.order",
  "pk": 2,
  "fields": {
    "product": 7,
    "client": 2,
    "num_units": 1,
    "order_status": 1,
    "status_date": "2019-05-17"
  }
},
{
  "model": "myapp.order",
  "pk": 3,
  "fields": {
    "product": 4,
    "client": 4,
    "num_units": 2,
    "order_status": 1,
    "status_date": "2019-05-17"
  }
},
{
  "model": "myapp.order",
  "pk": 4,
  "fields": {
    "product": 9,
    "client": 4,
    "num_units": 1,
    "order_status": 1,
    "status_date": "2019-06-09"
  }
},
{
  "model": "myapp.order",
  "pk": 5,
  "fields": {
    "product": 14,
    "client": 5,
    "num_units": 2,
    "order_status": 1,
    "status_date": "2019-06-10"
  }
},
{
  "model": "myapp.order",
  "pk": 6,
  "fields": {
    "product": 14,
    "client": 5,
    "num_units": 2,
    "order_status": 1,
    "status_date": "2019-06-10"
  }
},
{
  "model": "myapp.order",
  "pk": 7,
  "fields": {
    "product": 4,
    "client": 4,
    "num_units": 4,
    "order_status": 1,
    "status_date": "2019-06-10"
  }
},
{
  "model": "myapp.order",
  "pk": 8,
  "fields": {
    "product": 4,
    "client": 5,
    "num_units": 1,
    "order_status": 1,
    "status_date": "2019-06-17"
  }
}
]
